Precinct,Registered Voters,Ballots Cast,Donald J. Trump & Michael R. Pence,Hillary R. Clinton & Timothy M. Kaine,Gary Johnson & Bill Weld,Jill Stein & Ajamu Baraka,Total Votes
Barrington 1,907,715,333,302,39,16,690
Barrington 2,896,706,255,385,34,11,685
Barrington 3,"1,126",857,442,332,47,12,833
Barrington 4,"1,423","1,092",589,427,44,3,"1,063"
Barrington 5,"1,063",801,473,250,43,6,772
Barrington 6,"1,152",922,343,486,52,9,890
Barrington 7,334,269,154,93,16,3,266
Barrington 8,"1,553","1,159",600,479,48,6,"1,133"
Barrington 9,688,555,249,240,35,9,533
Barrington 10,"1,426","1,057",407,560,40,23,"1,030"
Barrington 11,818,615,314,251,30,0,595
Berwyn Ward 1 Precinct 1,623,452,110,319,5,13,447
Berwyn Ward 1 Precinct 2,813,553,110,410,13,11,544
Berwyn Ward 1 Precinct 3,"1,210",810,195,562,19,14,790
Berwyn Ward 1 Precinct 4,631,471,94,345,13,11,463
Berwyn Ward 1 Precinct 5,627,462,100,326,22,6,454
Berwyn Ward 2 Precinct 1,553,353,79,241,10,10,340
Berwyn Ward 2 Precinct 2,873,584,130,435,4,8,577
Berwyn Ward 2 Precinct 3,"1,037",763,167,536,24,19,746
Berwyn Ward 2 Precinct 4,"1,403","1,013",195,762,22,19,998
Berwyn Ward 3 Precinct 1,885,618,135,436,15,13,599
Berwyn Ward 3 Precinct 2,589,434,112,287,14,7,420
Berwyn Ward 3 Precinct 3,635,480,125,323,16,9,473
Berwyn Ward 3 Precinct 4,904,637,136,460,14,12,622
Berwyn Ward 3 Precinct 5,"1,012",769,148,549,27,22,746
Berwyn Ward 4 Precinct 1,629,404,74,315,7,6,402
Berwyn Ward 4 Precinct 2,936,663,150,478,11,10,649
Berwyn Ward 4 Precinct 3,"1,216",823,131,636,29,15,811
Berwyn Ward 4 Precinct 4,629,428,94,312,9,9,424
Berwyn Ward 5 Precinct 1,"1,462",956,116,800,7,16,939
Berwyn Ward 5 Precinct 2,844,574,80,458,15,11,564
Berwyn Ward 5 Precinct 3,815,502,61,418,8,6,493
Berwyn Ward 6 Precinct 1,535,341,67,254,10,7,338
Berwyn Ward 6 Precinct 2,682,430,71,338,7,11,427
Berwyn Ward 6 Precinct 3,876,586,60,488,14,14,576
Berwyn Ward 6 Precinct 4,"1,067",705,86,568,19,17,690
Berwyn Ward 7 Precinct 1,810,568,78,441,16,12,547
Berwyn Ward 7 Precinct 2,788,552,76,456,3,7,542
Berwyn Ward 7 Precinct 3,"1,003",705,135,525,16,23,699
Berwyn Ward 7 Precinct 4,"1,036",726,89,582,22,23,716
Berwyn Ward 8 Precinct 1,"1,509",961,159,755,29,11,954
Berwyn Ward 8 Precinct 2,905,622,101,489,14,8,612
Berwyn Ward 8 Precinct 3,542,370,38,308,9,9,364
Bloom 1,938,725,190,479,32,10,711
Bloom 2,949,720,196,464,32,12,704
Bloom 3,881,555,99,425,12,8,544
Bloom 4,"1,117",641,63,555,5,7,630
Bloom 5,655,454,184,250,9,5,448
Bloom 6,580,359,10,337,1,6,354
Bloom 7,"1,007",706,240,430,16,11,697
Bloom 8,"1,041",649,244,368,23,7,642
Bloom 9,"1,069",662,280,338,14,10,642
Bloom 10,590,323,4,309,2,1,316
Bloom 11,695,448,180,235,18,9,442
Bloom 12,"1,005",701,118,555,7,8,688
Bloom 13,"1,380","1,005",123,830,22,9,984
Bloom 14,"1,254",892,278,562,25,12,877
Bloom 15,961,587,167,379,11,7,564
Bloom 16,923,643,138,481,8,5,632
Bloom 17,823,517,37,467,6,4,514
Bloom 18,770,569,175,358,16,14,563
Bloom 19,805,622,96,481,22,10,609
Bloom 20,814,622,177,393,25,9,604
Bloom 21,396,208,4,196,3,2,205
Bloom 22,892,563,127,405,14,9,555
Bloom 23,"1,092",695,57,612,7,7,683
Bloom 24,"1,733","1,160",193,909,25,11,"1,138"
Bloom 25,941,547,77,450,7,7,541
Bloom 26,893,521,114,385,8,3,510
Bloom 27,"1,139",671,74,566,14,10,664
Bloom 28,852,595,198,369,16,3,586
Bloom 29,648,326,2,323,0,0,325
Bloom 30,"1,030",777,133,596,26,10,765
Bloom 31,887,633,242,361,21,4,628
Bloom 32,796,486,56,418,2,2,478
Bloom 33,694,544,56,470,7,7,540
Bloom 34,590,396,38,345,5,3,391
Bloom 35,700,356,44,303,3,3,353
Bloom 36,"1,073",801,57,722,11,5,795
Bloom 37,480,363,32,326,1,3,362
Bloom 38,"1,901","1,404",124,"1,243",14,12,"1,393"
Bloom 39,965,540,43,479,8,6,536
Bloom 40,523,406,62,319,15,4,400
Bloom 41,"1,015",745,65,652,11,10,738
Bloom 42,723,551,71,461,6,3,541
Bloom 43,771,572,38,526,2,2,568
Bloom 44,"1,088",769,252,484,18,4,758
Bloom 45,"1,202",893,107,750,20,8,885
Bloom 46,"1,074",557,61,473,5,6,545
Bloom 47,"1,047",797,239,496,33,12,780
Bloom 48,603,461,57,384,8,2,451
Bloom 49,800,613,22,574,2,5,603
Bloom 50,768,577,124,425,12,7,568
Bloom 51,560,340,20,314,1,3,338
Bloom 52,974,570,9,532,5,7,553
Bloom 53,587,387,98,281,5,1,385
Bloom 54,"1,039",657,182,441,15,7,645
Bloom 55,919,556,51,489,6,5,551
Bloom 56,861,552,198,331,12,6,547
Bloom 57,947,647,166,442,17,5,630
Bloom 58,629,457,57,384,5,2,448
Bloom 59,684,487,89,372,11,9,481
Bloom 60,764,527,22,492,2,6,522
Bloom 61,"1,000",627,214,381,12,11,618
Bremen 1,864,583,15,551,2,5,573
Bremen 2,998,687,318,306,40,13,677
Bremen 3,817,572,256,285,13,6,560
Bremen 4,944,611,256,317,22,9,604
Bremen 5,702,456,157,268,12,9,446
Bremen 6,753,467,147,280,22,8,457
Bremen 7,649,409,30,362,3,8,403
Bremen 8,714,502,23,463,4,5,495
Bremen 9,699,532,253,234,22,8,517
Bremen 10,"1,114",772,359,349,23,19,750
Bremen 11,981,694,304,343,26,10,683
Bremen 12,800,511,42,459,4,3,508
Bremen 13,"1,118",701,269,390,16,9,684
Bremen 14,813,515,141,337,6,9,493
Bremen 15,693,482,93,356,17,5,471
Bremen 16,803,631,361,238,22,3,624
Bremen 17,911,568,6,545,3,4,558
Bremen 18,"1,421",954,400,480,43,18,941
Bremen 19,399,218,3,211,0,0,214
Bremen 20,756,488,218,237,18,6,479
Bremen 21,"1,242",750,156,560,13,10,739
Bremen 22,747,526,250,230,26,7,513
Bremen 23,397,259,1,253,2,0,256
Bremen 24,726,523,280,202,27,7,516
Bremen 25,"1,260",835,370,405,31,13,819
Bremen 26,681,547,80,434,18,11,543
Bremen 27,"1,102",713,260,411,25,7,703
Bremen 28,769,483,196,248,22,10,476
Bremen 29,"1,177",847,36,794,3,2,835
Bremen 30,947,674,327,298,24,14,663
Bremen 31,"1,012",639,39,574,5,3,621
Bremen 32,765,556,26,513,4,7,550
Bremen 33,834,592,289,259,28,9,585
Bremen 34,"1,202",874,454,353,40,16,863
Bremen 35,664,421,12,397,0,6,415
Bremen 36,635,453,254,166,18,5,443
Bremen 37,902,443,46,351,5,8,410
Bremen 38,988,551,5,535,2,4,546
Bremen 39,726,452,25,413,6,3,447
Bremen 40,"1,241",903,80,793,11,7,891
Bremen 41,609,401,169,208,12,8,397
Bremen 42,"1,249",849,415,375,36,13,839
Bremen 43,815,517,107,397,8,3,515
Bremen 44,743,472,26,430,5,8,469
Bremen 45,711,382,15,344,5,7,371
Bremen 46,852,624,342,245,18,12,617
Bremen 47,715,500,18,467,3,5,493
Bremen 48,749,517,32,472,3,1,508
Bremen 49,690,516,12,485,6,4,507
Bremen 50,946,707,344,312,26,7,689
Bremen 51,"1,064",770,43,710,8,3,764
Bremen 52,862,548,225,279,20,12,536
Bremen 53,648,412,186,203,13,7,409
Bremen 54,786,516,233,237,27,6,503
Bremen 55,804,518,86,404,10,7,507
Bremen 56,955,684,29,625,7,4,665
Bremen 57,915,673,350,267,34,12,663
Bremen 58,"1,102",789,364,367,31,12,774
Bremen 59,833,586,249,301,20,8,578
Bremen 60,739,539,265,232,19,12,528
Bremen 61,930,622,285,286,28,14,613
Bremen 62,"1,030",682,272,374,16,6,668
Bremen 63,"1,158",809,43,744,6,7,800
Bremen 64,"1,037",723,346,337,24,10,717
Bremen 65,481,308,4,290,4,3,301
Bremen 66,600,453,8,435,3,2,448
Bremen 67,"1,180",870,437,379,35,6,857
Bremen 68,615,435,254,158,17,4,433
Bremen 69,847,621,223,363,14,12,612
Bremen 70,566,415,25,380,2,5,412
Bremen 71,645,445,26,411,3,1,441
Bremen 72,539,410,203,185,9,4,401
Bremen 73,957,665,260,363,23,7,653
Bremen 74,"1,153",735,276,422,21,4,723
Bremen 75,888,700,116,548,17,8,689
Bremen 76,724,510,237,235,27,3,502
Bremen 77,"1,397",990,447,476,32,16,971
Bremen 78,755,545,23,507,4,4,538
Bremen 79,932,673,333,294,19,11,657
Bremen 80,774,557,16,529,2,6,553
Calumet 1,"1,086",687,57,586,12,12,667
Calumet 2,981,639,96,502,8,25,631
Calumet 3,901,650,31,587,8,9,635
Calumet 4,"1,093",657,14,623,4,7,648
Calumet 5,739,517,18,486,5,4,513
Calumet 6,"1,335",874,71,770,8,13,862
Calumet 7,"1,090",724,97,586,12,9,704
Calumet 8,723,475,57,394,7,11,469
Calumet 9,751,499,14,472,2,4,492
Calumet 10,962,678,14,654,3,1,672
Calumet 11,"1,261",894,17,860,4,5,886
Calumet 12,677,476,9,452,4,5,470
Cicero 1,"1,474",856,68,742,9,20,839
Cicero 2,641,366,15,332,7,4,358
Cicero 3,918,527,54,430,12,9,505
Cicero 4,"1,112",643,53,560,11,7,631
Cicero 5,"1,049",746,147,542,8,20,717
Cicero 6,898,625,118,477,14,9,618
Cicero 7,828,478,32,419,7,8,466
Cicero 8,570,356,35,295,10,15,355
Cicero 9,"1,277",735,51,658,11,6,726
Cicero 10,"1,146",768,83,631,10,22,746
Cicero 11,934,664,130,492,18,15,655
Cicero 12,805,534,104,405,11,8,528
Cicero 13,766,542,144,371,10,13,538
Cicero 14,822,555,79,441,17,12,549
Cicero 15,"1,053",648,76,531,14,13,634
Cicero 16,772,500,56,422,6,12,496
Cicero 17,"1,310",770,71,672,8,12,763
Cicero 18,789,461,50,378,6,13,447
Cicero 19,"1,357",856,130,663,16,17,826
Cicero 20,697,478,69,394,2,4,469
Cicero 21,"1,076",657,85,538,14,12,649
Cicero 22,790,506,43,434,11,11,499
Cicero 23,"1,237",783,86,649,11,15,761
Cicero 24,"1,258",739,60,639,7,14,720
Cicero 25,864,562,69,468,8,10,555
Cicero 26,756,450,52,370,8,14,444
Cicero 27,"1,133",677,72,561,14,14,661
Cicero 28,"1,056",682,45,601,7,13,666
Cicero 29,"1,042",621,50,531,12,18,611
Cicero 30,921,555,33,480,15,13,541
Cicero 31,782,530,49,451,11,16,527
Cicero 32,838,528,55,441,9,16,521
Elk Grove 1,727,581,153,363,28,13,557
Elk Grove 2,865,576,181,354,21,10,566
Elk Grove 3,"1,081",792,322,431,25,5,783
Elk Grove 4,"1,001",720,238,428,28,13,707
Elk Grove 5,"1,211",953,339,539,40,7,925
Elk Grove 6,639,512,166,304,19,7,496
Elk Grove 7,922,754,238,451,45,6,740
Elk Grove 8,785,620,267,307,23,7,604
Elk Grove 9,896,671,305,323,22,2,652
Elk Grove 10,"1,213",969,346,527,59,10,942
Elk Grove 11,956,759,313,387,36,8,744
Elk Grove 12,588,455,239,176,26,4,445
Elk Grove 13,942,650,223,373,27,13,636
Elk Grove 14,"1,086",805,321,421,29,8,779
Elk Grove 15,828,582,244,282,32,10,568
Elk Grove 16,975,778,313,418,26,8,765
Elk Grove 17,967,655,228,383,21,11,643
Elk Grove 18,"1,257",902,379,468,32,6,885
Elk Grove 19,"1,121",853,341,430,42,6,819
Elk Grove 20,"1,002",749,311,371,34,11,727
Elk Grove 21,873,606,200,361,20,10,591
Elk Grove 22,"1,027",692,199,448,17,12,676
Elk Grove 23,"1,397","1,058",426,549,42,13,"1,030"
Elk Grove 24,916,636,244,354,22,5,625
Elk Grove 25,789,609,244,314,27,5,590
Elk Grove 26,796,568,231,300,18,12,561
Elk Grove 27,"1,161",861,398,398,29,15,840
Elk Grove 28,"1,015",682,209,418,19,16,662
Elk Grove 29,843,655,290,321,27,7,645
Elk Grove 30,887,651,280,320,29,9,638
Elk Grove 31,706,452,141,287,13,3,444
Elk Grove 32,841,536,178,323,12,13,526
Elk Grove 33,599,442,199,213,15,5,432
Elk Grove 34,"1,440","1,147",372,661,61,12,"1,106"
Elk Grove 35,914,643,263,341,16,14,634
Elk Grove 36,958,545,129,384,13,3,529
Elk Grove 37,"1,182",874,348,471,20,14,853
Elk Grove 38,851,497,99,363,12,13,487
Elk Grove 39,"1,451",946,293,576,24,25,918
Elk Grove 40,"1,000",677,221,407,29,10,667
Elk Grove 41,675,524,229,256,20,7,512
Elk Grove 42,988,640,173,418,26,13,630
Elk Grove 43,822,594,233,323,20,3,579
Elk Grove 44,840,612,268,302,16,6,592
Elk Grove 45,773,605,260,294,30,7,591
Elk Grove 46,670,524,253,231,21,5,510
Elk Grove 47,"1,037",832,349,417,40,10,816
Elk Grove 48,600,474,177,251,27,4,459
Elk Grove 49,"1,322",878,314,496,30,17,857
Elk Grove 50,641,425,129,264,10,10,413
Elk Grove 51,"1,213",940,438,428,34,15,915
Elk Grove 52,487,336,90,222,12,7,331
Evanston Ward 1 Precinct 1,"1,137",714,25,657,15,8,705
Evanston Ward 1 Precinct 2,983,807,76,691,16,7,790
Evanston Ward 1 Precinct 3,882,756,59,655,22,3,739
Evanston Ward 1 Precinct 4,"1,339","1,135",102,957,39,10,"1,108"
Evanston Ward 2 Precinct 1,"1,671","1,400",104,"1,211",44,16,"1,375"
Evanston Ward 2 Precinct 2,715,553,17,499,11,15,542
Evanston Ward 2 Precinct 3,"1,100",760,23,705,3,11,742
Evanston Ward 2 Precinct 4,"1,289",942,28,877,13,11,929
Evanston Ward 2 Precinct 5,835,640,30,577,10,15,632
Evanston Ward 3 Precinct 1,983,820,64,704,30,12,810
Evanston Ward 3 Precinct 2,"1,107",947,85,806,33,12,936
Evanston Ward 3 Precinct 3,949,841,66,732,15,17,830
Evanston Ward 3 Precinct 4,609,465,35,399,12,8,454
Evanston Ward 3 Precinct 5,978,834,67,698,33,15,813
Evanston Ward 3 Precinct 6,939,779,65,665,15,17,762
Evanston Ward 3 Precinct 7,754,665,47,575,21,11,654
Evanston Ward 4 Precinct 1,539,446,21,385,12,13,431
Evanston Ward 4 Precinct 2,812,700,40,611,16,20,687
Evanston Ward 4 Precinct 3,757,563,39,487,17,8,551
Evanston Ward 4 Precinct 4,"1,311","1,098",73,963,29,13,"1,078"
Evanston Ward 4 Precinct 5,634,437,36,379,13,5,433
Evanston Ward 4 Precinct 6,"1,266","1,041",86,880,29,25,"1,020"
Evanston Ward 5 Precinct 1,"1,040",713,17,660,11,12,700
Evanston Ward 5 Precinct 2,"1,302","1,067",69,930,32,21,"1,052"
Evanston Ward 5 Precinct 3,"1,050",751,19,695,12,17,743
Evanston Ward 5 Precinct 4,688,449,11,423,4,6,444
Evanston Ward 6 Precinct 1,"1,382","1,150",116,954,41,15,"1,126"
Evanston Ward 6 Precinct 2,670,594,54,503,26,5,588
Evanston Ward 6 Precinct 3,744,653,71,530,27,11,639
Evanston Ward 6 Precinct 4,939,795,57,692,23,12,784
Evanston Ward 6 Precinct 5,"1,184","1,026",91,867,27,18,"1,003"
Evanston Ward 6 Precinct 6,796,638,109,487,22,0,618
Evanston Ward 6 Precinct 7,"1,145",960,75,824,30,11,940
Evanston Ward 7 Precinct 1,"1,334","1,146",90,976,29,20,"1,115"
Evanston Ward 7 Precinct 2,"1,437","1,200",115,"1,002",37,21,"1,175"
Evanston Ward 7 Precinct 3,845,508,35,430,24,9,498
Evanston Ward 7 Precinct 4,648,544,31,489,11,5,536
Evanston Ward 7 Precinct 5,"1,211","1,045",82,888,40,11,"1,021"
Evanston Ward 7 Precinct 6,260,171,5,153,9,2,169
Evanston Ward 8 Precinct 1,"1,166",908,67,805,8,14,894
Evanston Ward 8 Precinct 2,955,722,50,634,12,17,713
Evanston Ward 8 Precinct 3,857,649,39,572,10,15,636
Evanston Ward 8 Precinct 4,874,762,57,665,11,15,748
Evanston Ward 8 Precinct 5,"1,258",986,63,868,16,24,971
Evanston Ward 9 Precinct 1,747,628,46,542,8,20,616
Evanston Ward 9 Precinct 2,860,663,29,600,14,11,654
Evanston Ward 9 Precinct 3,"1,185","1,034",72,899,32,17,"1,020"
Evanston Ward 9 Precinct 4,"1,052",845,52,727,17,29,825
Evanston Ward 9 Precinct 5,665,543,39,475,11,8,533
Evanston Ward 9 Precinct 6,882,736,59,635,8,18,720
Hanover 1,"1,418","1,046",339,649,30,12,"1,030"
Hanover 2,"1,131",831,319,473,23,6,821
Hanover 3,591,353,87,242,12,7,348
Hanover 4,"1,141",785,264,475,29,9,777
Hanover 5,"1,166",750,269,432,24,17,742
Hanover 6,"1,011",648,198,406,28,3,635
Hanover 7,"1,113",758,244,460,26,11,741
Hanover 8,928,656,254,348,23,17,642
Hanover 9,"1,049",722,275,390,30,6,701
Hanover 10,664,424,134,261,12,8,415
Hanover 11,"1,156",718,194,470,29,9,702
Hanover 12,930,556,112,399,19,12,542
Hanover 13,790,521,171,324,13,6,514
Hanover 14,"1,210",883,316,508,36,10,870
Hanover 15,"1,045",608,143,428,20,7,598
Hanover 16,"1,314",962,393,500,30,15,938
Hanover 17,885,567,218,311,21,8,558
Hanover 18,"1,082",711,202,463,20,10,695
Hanover 19,821,618,272,321,14,7,614
Hanover 20,"1,674","1,155",433,651,50,5,"1,139"
Hanover 21,676,486,195,258,17,4,474
Hanover 22,"1,011",693,242,397,32,10,681
Hanover 23,"1,074",742,284,402,27,17,730
Hanover 24,"1,237",733,158,521,22,14,715
Hanover 25,873,613,228,339,25,8,600
Hanover 26,"1,533","1,007",395,544,41,16,996
Hanover 27,"2,731","2,052",755,"1,183",58,22,"2,018"
Hanover 28,"1,370",974,357,565,29,6,957
Hanover 29,873,487,104,357,8,4,473
Hanover 30,"1,083",764,249,447,37,15,748
Hanover 31,799,580,271,272,23,3,569
Hanover 32,951,577,161,386,17,7,571
Hanover 33,"1,174",723,223,448,25,15,711
Hanover 34,"1,405",886,285,539,36,15,875
Hanover 35,"1,240",760,180,528,22,15,745
Hanover 36,815,544,178,320,21,14,533
Hanover 37,"1,401","1,006",350,557,55,22,984
Hanover 38,"1,147",817,290,462,42,9,803
Hanover 39,"1,299",845,273,514,23,16,826
Hanover 40,"1,122",825,298,454,36,20,808
Hanover 41,"1,389","1,030",344,605,39,12,"1,000"
Hanover 42,"1,051",744,302,382,29,13,726
Hanover 43,"1,204",794,283,459,27,9,778
Hanover 44,"1,294",931,392,455,42,20,909
Lemont 1,"1,136",795,475,255,34,8,772
Lemont 2,868,603,325,228,20,6,579
Lemont 3,"1,190",858,540,259,38,10,847
Lemont 4,"1,017",770,461,265,30,4,760
Lemont 5,"1,118",757,360,335,33,16,744
Lemont 6,"1,106",811,436,312,30,13,791
Lemont 7,864,612,303,259,28,9,599
Lemont 8,"1,193",855,415,369,37,13,834
Lemont 9,740,527,346,141,23,7,517
Lemont 10,805,538,254,232,30,15,531
Lemont 11,"1,424","1,025",589,365,46,6,"1,006"
Lemont 12,"1,262","1,222",708,436,47,10,"1,201"
Lemont 13,"1,367","1,016",623,329,38,6,996
Lemont 14,"1,017",745,457,239,32,4,732
Leyden 1,805,513,175,303,11,11,500
Leyden 2,649,408,155,233,9,3,400
Leyden 3,"1,334",842,331,474,13,11,829
Leyden 4,"1,023",611,167,404,15,10,596
Leyden 5,969,648,200,402,28,6,636
Leyden 6,"1,307",846,286,515,16,12,829
Leyden 7,573,364,116,223,10,9,358
Leyden 8,"1,155",766,268,452,23,11,754
Leyden 9,"1,145",899,396,450,24,8,878
Leyden 10,"1,246",850,302,496,27,6,831
Leyden 11,"1,079",721,304,374,23,13,714
Leyden 12,956,774,503,232,20,5,760
Leyden 13,"1,155",721,232,447,20,9,708
Leyden 14,789,544,220,293,16,6,535
Leyden 15,"1,164",730,250,428,21,14,713
Leyden 16,"1,152",768,254,474,17,14,759
Leyden 17,898,611,251,331,13,10,605
Leyden 18,642,452,156,261,18,7,442
Leyden 19,"1,068",705,247,405,22,18,692
Leyden 20,559,373,159,188,14,4,365
Leyden 21,726,479,68,388,4,6,466
Leyden 22,652,526,258,231,22,5,516
Leyden 23,"1,492","1,141",475,593,43,9,"1,120"
Leyden 24,"1,251",783,207,530,17,11,765
Leyden 25,807,491,218,249,5,10,482
Leyden 26,"1,383","1,035",405,572,29,13,"1,019"
Leyden 27,293,187,72,104,7,2,185
Leyden 28,559,348,96,234,7,7,344
Leyden 29,737,460,92,333,18,7,450
Leyden 30,"1,251",833,375,396,33,17,821
Leyden 31,"1,153",729,203,469,25,17,714
Leyden 32,"1,136",773,250,479,21,12,762
Leyden 33,"1,060",728,242,440,21,10,713
Leyden 34,892,548,191,333,11,6,541
Leyden 35,480,336,96,211,17,2,326
Leyden 36,"1,028",683,227,410,19,16,672
Leyden 37,805,516,205,274,12,16,507
Leyden 38,449,280,114,146,10,6,276
Leyden 39,744,473,167,270,14,10,461
Leyden 40,"1,018",644,195,405,23,7,630
Leyden 41,566,367,85,267,6,5,363
Leyden 42,"1,086",726,377,303,21,9,710
Leyden 43,778,511,166,303,15,8,492
Leyden 44,"1,036",634,260,339,20,5,624
Leyden 45,966,602,231,333,21,11,596
Leyden 46,899,609,189,375,27,7,598
Leyden 47,"1,018",646,225,388,12,7,632
Leyden 48,"1,196",788,222,516,26,11,775
Leyden 49,"1,462",991,380,552,22,14,968
Leyden 50,"1,289",844,272,507,32,15,826
Lyons 1,98,81,21,52,5,0,78
Lyons 2,719,569,183,344,20,8,555
Lyons 3,910,607,228,341,16,11,596
Lyons 4,"1,300","1,002",297,610,50,24,981
Lyons 5,946,716,271,402,23,7,703
Lyons 6,650,467,167,268,15,9,459
Lyons 7,875,610,60,489,15,19,583
Lyons 8,699,383,144,221,9,3,377
Lyons 9,961,789,170,553,32,8,763
Lyons 10,745,582,175,362,27,8,572
Lyons 11,642,506,136,313,33,5,487
Lyons 12,637,491,243,198,22,6,469
Lyons 13,390,290,9,272,3,0,284
Lyons 14,"1,052",854,243,500,52,11,806
Lyons 15,982,770,205,481,45,9,740
Lyons 16,"1,354","1,134",274,760,52,17,"1,103"
Lyons 17,574,446,196,222,13,2,433
Lyons 18,715,604,174,355,41,7,577
Lyons 19,"1,053",718,230,440,22,10,702
Lyons 20,"1,341","1,088",364,602,73,18,"1,057"
Lyons 21,"1,325","1,085",313,627,70,8,"1,018"
Lyons 22,715,454,134,298,9,7,448
Lyons 23,"1,061",806,426,331,26,6,789
Lyons 24,720,579,205,292,42,18,557
Lyons 25,931,671,285,331,34,8,658
Lyons 26,591,462,181,225,28,9,443
Lyons 27,848,625,316,234,37,9,596
Lyons 28,"1,064",814,395,352,39,4,790
Lyons 29,944,618,318,275,9,7,609
Lyons 30,161,128,63,52,7,3,125
Lyons 31,827,685,290,324,44,9,667
Lyons 32,390,290,149,126,7,4,286
Lyons 33,413,259,131,114,10,3,258
Lyons 34,453,331,128,184,13,3,328
Lyons 35,990,658,360,265,12,8,645
Lyons 36,944,691,372,260,32,9,673
Lyons 37,695,487,167,277,22,11,477
Lyons 38,627,338,118,199,7,5,329
Lyons 39,838,694,198,422,42,9,671
Lyons 40,687,576,175,327,41,3,546
Lyons 41,616,482,252,185,27,5,469
Lyons 42,834,659,242,334,50,7,633
Lyons 43,742,590,203,320,43,6,572
Lyons 44,"1,354","1,078",424,536,55,11,"1,026"
Lyons 45,"1,234",944,303,552,36,26,917
Lyons 46,771,589,306,249,20,4,579
Lyons 47,846,669,232,371,35,11,649
Lyons 48,971,647,254,356,18,10,638
Lyons 49,660,467,241,177,25,17,460
Lyons 50,"1,037",773,268,437,36,12,753
Lyons 51,891,577,239,292,17,9,557
Lyons 52,"1,028",734,305,372,23,12,712
Lyons 53,904,704,343,306,30,10,689
Lyons 54,508,379,143,198,19,8,368
Lyons 55,972,761,319,351,41,9,720
Lyons 56,"1,558",948,235,663,20,12,930
Lyons 57,"1,193",727,126,565,13,15,719
Lyons 58,"1,059",601,283,288,9,13,593
Lyons 59,899,594,191,362,17,16,586
Lyons 60,"1,564","1,021",102,856,9,15,982
Lyons 61,875,683,292,326,26,19,663
Lyons 62,426,329,192,104,18,6,320
Lyons 63,"1,278","1,000",519,411,39,8,977
Lyons 64,934,638,237,359,17,14,627
Lyons 65,"1,328",842,393,402,22,10,827
Lyons 66,659,441,132,283,16,5,436
Lyons 67,"1,052",740,245,453,21,9,728
Lyons 68,753,527,189,301,10,12,512
Lyons 69,"1,094",898,360,459,36,8,863
Lyons 70,773,601,20,561,2,9,592
Lyons 71,634,351,111,220,12,6,349
Lyons 72,"1,050",857,288,481,51,10,830
Lyons 73,847,631,256,341,18,8,623
Lyons 74,576,379,155,200,10,7,372
Lyons 75,821,501,207,268,10,8,493
Lyons 76,798,526,227,270,13,8,518
Lyons 77,"1,001",591,281,274,14,7,576
Lyons 78,649,469,238,199,17,5,459
Maine 1,887,580,194,360,11,5,570
Maine 2,906,625,194,400,8,14,616
Maine 3,501,383,150,213,11,8,382
Maine 4,898,681,238,391,30,6,665
Maine 5,"1,467",995,295,647,15,7,964
Maine 6,"1,306",990,317,608,28,16,969
Maine 7,743,538,186,301,32,9,528
Maine 8,"1,169",789,309,418,30,8,765
Maine 9,"1,412","1,054",298,666,43,21,"1,028"
Maine 10,674,495,158,285,35,4,482
Maine 11,620,481,179,264,18,3,464
Maine 12,646,469,157,265,24,11,457
Maine 13,913,663,250,367,28,7,652
Maine 14,"1,109",853,281,482,35,17,815
Maine 15,559,412,130,271,3,5,409
Maine 16,663,480,170,274,18,9,471
Maine 17,998,687,251,391,29,7,678
Maine 18,796,594,195,348,26,10,579
Maine 19,616,444,172,251,11,4,438
Maine 20,507,376,118,221,21,8,368
Maine 21,"1,130",890,317,493,40,10,860
Maine 22,"1,082",869,311,480,41,11,843
Maine 23,"1,041",713,253,409,21,17,700
Maine 24,"1,137",895,305,509,38,9,861
Maine 25,960,759,221,466,38,13,738
Maine 26,762,577,210,320,20,10,560
Maine 27,547,466,157,281,14,3,455
Maine 28,662,414,90,295,14,6,405
Maine 29,"1,333","1,029",439,502,43,24,"1,008"
Maine 30,"1,944","1,523",550,843,58,21,"1,472"
Maine 31,970,695,259,399,19,9,686
Maine 32,650,440,212,203,13,3,431
Maine 33,900,594,127,452,7,2,588
Maine 34,"1,125",828,256,515,26,14,811
Maine 35,778,577,143,384,29,6,562
Maine 36,821,651,284,321,25,7,637
Maine 37,948,718,319,346,34,2,701
Maine 38,746,552,212,300,19,11,542
Maine 39,"1,032",741,298,394,28,9,729
Maine 40,"1,004",730,249,450,15,3,717
Maine 41,782,562,228,293,23,13,557
Maine 42,"1,230",968,340,542,50,7,939
Maine 43,714,566,268,243,28,6,545
Maine 44,590,455,156,256,25,5,442
Maine 45,547,336,96,225,4,5,330
Maine 46,"1,115",739,337,364,17,6,724
Maine 47,992,714,218,446,25,11,700
Maine 48,"1,001",785,264,455,36,15,770
Maine 49,905,661,237,397,13,4,651
Maine 50,800,604,239,311,25,7,582
Maine 51,"1,166",737,262,434,22,5,723
Maine 52,809,627,187,375,28,7,597
Maine 53,941,624,180,392,21,14,607
Maine 54,866,690,240,380,32,8,660
Maine 55,813,597,276,290,17,4,587
Maine 56,"1,305",881,311,508,29,18,866
Maine 57,882,587,176,391,9,5,581
Maine 58,"1,176",811,365,400,16,15,796
Maine 59,940,681,299,346,17,10,672
Maine 60,"1,567","1,208",547,577,52,12,"1,188"
Maine 61,549,412,170,214,12,6,402
Maine 62,570,387,120,253,6,1,380
Maine 63,745,504,189,289,8,5,491
Maine 64,778,534,214,287,17,5,523
Maine 65,710,504,214,247,19,12,492
Maine 66,493,358,157,174,12,4,347
Maine 67,"1,245",976,472,419,40,14,945
Maine 68,673,478,165,271,16,15,467
Maine 69,"1,106",741,293,406,18,12,729
Maine 70,"1,300",830,237,549,14,9,809
Maine 71,534,380,133,227,10,4,374
Maine 72,774,556,242,268,28,4,542
Maine 73,428,295,140,144,3,2,289
Maine 74,743,558,183,336,16,6,541
Maine 75,848,638,282,313,25,5,625
Maine 76,517,375,157,196,8,5,366
Maine 77,"1,490","1,026",410,533,47,20,"1,010"
Maine 78,"1,033",691,183,482,11,4,680
Maine 79,"1,148",697,155,506,15,16,692
Maine 80,706,583,227,313,23,8,571
Maine 81,770,539,208,312,8,1,529
Maine 82,799,595,217,332,21,14,584
Maine 83,685,488,220,247,11,2,480
Maine 84,622,431,158,256,8,4,426
Maine 85,490,372,149,200,9,5,363
Maine 86,952,594,145,421,17,6,589
Maine 87,560,432,162,234,18,5,419
Maine 88,600,458,232,185,18,5,440
Maine 89,770,547,209,312,6,12,539
Maine 90,629,418,209,194,8,4,415
Maine 91,"1,344",974,350,553,33,19,955
Maine 92,"1,001",620,237,341,14,9,601
New Trier 1,"1,431","1,149",198,836,51,7,"1,092"
New Trier 2,"1,467","1,205",211,909,30,8,"1,158"
New Trier 3,975,781,150,566,32,11,759
New Trier 4,"1,188",996,161,740,44,10,955
New Trier 5,803,636,112,476,27,3,618
New Trier 6,669,583,100,432,19,4,555
New Trier 7,976,769,192,508,35,3,738
New Trier 8,822,648,201,378,37,6,622
New Trier 9,"1,125",864,231,520,53,13,817
New Trier 10,948,770,207,469,45,6,727
New Trier 11,"1,286",984,291,550,75,12,928
New Trier 12,"1,156",903,248,525,58,10,841
New Trier 13,"1,336","1,043",294,653,45,17,"1,009"
New Trier 14,"1,119",920,257,542,61,9,869
New Trier 15,"1,404","1,063",292,649,57,13,"1,011"
New Trier 16,"1,393","1,109",302,652,81,9,"1,044"
New Trier 17,955,749,155,541,26,9,731
New Trier 18,749,601,137,397,27,15,576
New Trier 19,800,605,235,265,59,8,567
New Trier 20,"1,363","1,075",330,632,52,20,"1,034"
New Trier 21,"1,127",878,191,626,29,5,851
New Trier 22,975,779,288,383,52,11,734
New Trier 23,"1,095",863,316,406,60,9,791
New Trier 24,"1,293",966,211,707,16,15,949
New Trier 25,842,680,152,423,60,7,642
New Trier 26,738,584,104,437,14,3,558
New Trier 27,941,784,142,573,40,10,765
New Trier 28,834,671,184,424,29,7,644
New Trier 29,907,733,193,457,45,3,698
New Trier 30,"1,225","1,009",236,636,74,10,956
New Trier 31,997,815,147,599,36,9,791
New Trier 32,882,706,120,516,31,6,673
New Trier 33,"1,078",906,150,679,50,8,887
New Trier 34,883,650,170,448,16,5,639
New Trier 35,572,484,129,313,17,2,461
New Trier 36,"1,208","1,002",168,731,53,4,956
New Trier 37,948,785,140,566,45,4,755
New Trier 38,954,788,129,584,39,11,763
New Trier 39,692,547,143,376,13,3,535
New Trier 40,594,493,134,302,24,4,464
New Trier 41,827,650,202,363,42,6,613
Niles 1,"1,090",781,338,388,28,10,764
Niles 2,"1,337",890,325,508,23,17,873
Niles 3,"1,480","1,131",391,619,63,9,"1,082"
Niles 4,"1,007",669,250,389,7,8,654
Niles 5,734,455,176,260,5,5,446
Niles 6,998,690,295,341,28,6,670
Niles 7,"1,498","1,078",262,770,21,10,"1,063"
Niles 8,479,330,76,231,6,3,316
Niles 9,685,527,213,289,11,1,514
Niles 10,"1,167",808,231,523,23,22,799
Niles 11,521,400,122,236,22,4,384
Niles 12,838,565,121,425,8,6,560
Niles 13,"1,187",835,342,432,26,14,814
Niles 14,"1,192",899,172,672,22,13,879
Niles 15,"1,224",846,225,569,15,21,830
Niles 16,"1,438",998,234,712,16,13,975
Niles 17,"1,182",836,176,604,25,11,816
Niles 18,596,464,75,356,12,9,452
Niles 19,"1,057",784,229,473,33,7,742
Niles 20,969,686,208,433,25,6,672
Niles 21,"1,358","1,023",147,801,30,12,990
Niles 22,"1,097",730,210,480,15,13,718
Niles 23,"1,064",776,184,544,19,8,755
Niles 24,"1,410",928,240,657,13,7,917
Niles 25,683,477,117,330,19,8,474
Niles 26,"1,306",882,293,531,27,13,864
Niles 27,"1,034",696,121,535,9,19,684
Niles 28,974,768,144,563,27,8,742
Niles 29,734,528,117,390,6,2,515
Niles 30,980,638,197,404,7,12,620
Niles 31,"1,010",787,147,584,23,20,774
Niles 32,471,362,99,246,6,3,354
Niles 33,"1,240",904,147,693,21,23,884
Niles 34,"1,087",770,187,539,15,9,750
Niles 35,"1,158",838,225,568,20,14,827
Niles 36,695,488,77,387,10,7,481
Niles 37,"1,083",755,169,548,20,10,747
Niles 38,"1,832","1,259",370,798,47,17,"1,232"
Niles 39,"1,189",867,238,588,15,13,854
Niles 40,556,414,160,228,15,3,406
Niles 41,"1,248",863,207,616,16,9,848
Niles 42,"1,138",740,155,545,16,8,724
Niles 43,"1,446",976,378,545,19,15,957
Niles 44,"1,222",857,171,657,2,11,841
Niles 45,764,562,121,407,11,9,548
Niles 46,"1,317",859,249,565,17,12,843
Niles 47,577,431,74,320,15,4,413
Niles 48,"1,111",739,157,551,10,9,727
Niles 49,"1,109",892,90,757,22,9,878
Niles 50,"1,239",871,274,548,25,13,860
Niles 51,740,454,147,288,11,4,450
Niles 52,892,624,192,405,6,12,615
Niles 53,"1,375","1,031",256,715,30,10,"1,011"
Niles 54,628,467,131,295,24,5,455
Niles 55,623,448,74,351,11,6,442
Niles 56,"1,333",957,333,576,19,7,935
Niles 57,"1,289",921,281,583,27,16,907
Niles 58,"1,225",841,250,541,30,12,833
Niles 59,"1,487","1,073",317,690,24,19,"1,050"
Niles 60,"1,569","1,105",291,773,12,10,"1,086"
Niles 61,"1,507","1,054",276,724,16,9,"1,025"
Niles 62,685,480,118,343,4,11,476
Niles 63,"1,205",866,167,659,21,8,855
Niles 64,"1,469","1,025",248,718,22,11,999
Northfield 1,"1,398",965,314,612,17,6,949
Northfield 2,880,725,202,442,33,13,690
Northfield 3,757,531,153,344,17,4,518
Northfield 4,986,762,270,433,39,5,747
Northfield 5,737,563,245,278,26,3,552
Northfield 6,"1,044",814,302,405,59,3,769
Northfield 7,"1,324","1,055",302,660,39,8,"1,009"
Northfield 8,"1,116",843,320,430,44,14,808
Northfield 9,725,570,203,299,38,8,548
Northfield 10,905,693,194,444,32,7,677
Northfield 11,568,443,144,272,11,5,432
Northfield 12,"1,479","1,207",423,655,63,14,"1,155"
Northfield 13,894,671,238,388,22,10,658
Northfield 14,789,609,196,369,19,5,589
Northfield 15,702,588,149,377,29,7,562
Northfield 16,"1,119",891,249,578,34,6,867
Northfield 17,873,668,180,451,15,6,652
Northfield 18,"1,280","1,003",247,672,43,11,973
Northfield 19,996,788,242,471,37,11,761
Northfield 20,925,727,227,447,21,6,701
Northfield 21,"1,350","1,078",314,651,49,16,"1,030"
Northfield 22,"1,035",819,204,559,22,8,793
Northfield 23,809,576,227,278,37,4,546
Northfield 24,863,700,222,408,40,8,678
Northfield 25,912,685,222,409,21,7,659
Northfield 26,836,671,184,435,24,11,654
Northfield 27,"1,160",762,231,490,17,10,748
Northfield 28,"1,492","1,147",330,720,46,13,"1,109"
Northfield 29,794,649,177,413,30,7,627
Northfield 30,993,816,228,487,51,6,772
Northfield 31,"1,257",964,370,493,55,10,928
Northfield 32,"1,357","1,086",321,679,39,16,"1,055"
Northfield 33,783,525,193,309,10,5,517
Northfield 34,766,612,207,343,32,2,584
Northfield 35,966,791,291,422,39,7,759
Northfield 36,736,556,185,332,22,5,544
Northfield 37,"1,148",883,322,477,46,7,852
Northfield 38,795,622,191,376,30,12,609
Northfield 39,599,445,164,259,15,3,441
Northfield 40,690,499,193,274,13,7,487
Northfield 41,863,675,182,432,30,6,650
Northfield 42,868,671,260,340,29,7,636
Northfield 43,"1,030",780,193,551,16,1,761
Northfield 44,725,568,158,359,34,5,556
Northfield 45,"1,202",929,262,575,45,14,896
Northfield 46,"1,243","1,001",282,607,74,15,978
Northfield 47,"1,191",981,249,669,31,4,953
Northfield 48,973,745,257,428,34,7,726
Northfield 49,779,603,139,427,21,3,590
Northfield 50,"1,272",954,327,565,34,12,938
Northfield 51,"2,180","1,740",573,"1,004",86,14,"1,677"
Northfield 52,872,686,196,419,30,9,654
Northfield 53,979,767,205,536,9,1,751
Northfield 54,790,593,106,459,9,6,580
Northfield 55,987,673,119,515,12,3,649
Northfield 56,"1,256",970,360,522,40,18,940
Northfield 57,700,520,177,310,17,12,516
Northfield 58,561,431,154,247,12,4,417
Northfield 59,982,742,231,467,27,5,730
Northfield 60,"1,052",843,191,612,19,6,828
Northfield 61,755,569,229,307,13,4,553
Northfield 62,"1,057",836,247,500,46,9,802
Norwood Park 1,"1,154",753,292,427,14,12,745
Norwood Park 2,"1,058",726,320,353,24,18,715
Norwood Park 3,980,762,270,440,26,7,743
Norwood Park 4,"1,275",855,412,394,23,7,836
Norwood Park 5,931,612,297,274,21,8,600
Norwood Park 6,"1,382",978,482,425,29,11,947
Norwood Park 7,926,624,312,269,18,8,607
Norwood Park 8,737,524,285,200,16,7,508
Norwood Park 9,701,506,248,223,19,4,494
Norwood Park 10,695,496,277,191,8,4,480
Norwood Park 11,"1,217",955,353,503,49,8,913
Norwood Park 12,865,591,255,296,22,6,579
Norwood Park 13,891,610,313,262,20,11,606
Norwood Park 14,773,603,210,343,24,7,584
Norwood Park 15,873,567,251,278,14,7,550
Norwood Park 16,799,534,242,264,9,8,523
Norwood Park 17,994,687,305,328,18,15,666
Oak Park 1,772,626,29,557,16,14,616
Oak Park 2,"1,223","1,022",126,821,43,12,"1,002"
Oak Park 3,"1,320","1,084",103,912,24,22,"1,061"
Oak Park 4,"1,156",958,142,746,36,13,937
Oak Park 5,"1,128",944,106,779,31,8,924
Oak Park 6,"1,300","1,084",77,940,28,16,"1,061"
Oak Park 7,736,644,60,545,28,6,639
Oak Park 8,985,805,42,725,15,13,795
Oak Park 9,657,566,35,496,17,11,559
Oak Park 10,972,823,80,703,20,9,812
Oak Park 11,940,782,55,673,24,14,766
Oak Park 12,539,464,54,366,19,16,455
Oak Park 13,"1,038",852,51,751,17,21,840
Oak Park 14,"1,090",907,93,743,37,14,887
Oak Park 15,"1,314","1,071",60,937,23,26,"1,046"
Oak Park 16,"1,397","1,192",109,995,49,14,"1,167"
Oak Park 17,"1,478","1,202",124,990,41,19,"1,174"
Oak Park 18,886,749,109,580,29,15,733
Oak Park 19,"1,075",885,97,725,33,17,872
Oak Park 20,"1,380","1,158",131,952,37,13,"1,133"
Oak Park 21,756,630,47,547,15,13,622
Oak Park 22,706,573,50,480,16,12,558
Oak Park 23,969,811,81,662,28,12,783
Oak Park 24,700,623,75,500,26,4,605
Oak Park 25,942,769,79,641,27,14,761
Oak Park 26,862,716,43,637,16,10,706
Oak Park 27,328,280,34,223,8,8,273
Oak Park 28,"1,290","1,087",96,911,27,22,"1,056"
Oak Park 29,888,751,82,615,27,16,740
Oak Park 30,"1,216",990,57,866,17,26,966
Oak Park 31,"1,479","1,290",114,"1,088",43,21,"1,266"
Oak Park 32,704,580,37,519,9,6,571
Oak Park 33,957,777,71,665,10,18,764
Oak Park 34,861,721,71,597,26,16,710
Oak Park 35,"1,255","1,037",105,837,44,22,"1,008"
Oak Park 36,"1,216","1,001",96,835,32,20,983
Oak Park 37,665,550,57,456,13,17,543
Orland 1,"1,334",958,428,461,29,19,937
Orland 2,"1,117",847,446,343,27,11,827
Orland 3,651,437,178,227,9,8,422
Orland 4,734,518,256,215,24,6,501
Orland 5,712,508,252,217,17,8,494
Orland 6,637,460,207,207,27,9,450
Orland 7,636,433,204,192,18,8,422
Orland 8,920,594,296,260,16,15,587
Orland 9,"1,176",830,392,386,21,13,812
Orland 10,"1,003",692,330,316,16,14,676
Orland 11,680,499,238,230,19,6,493
Orland 12,502,352,182,144,10,9,345
Orland 13,"1,279",918,415,458,21,9,903
Orland 14,"1,068",768,362,363,25,8,758
Orland 15,"1,295",929,511,334,46,16,907
Orland 16,"1,020",710,410,265,12,8,695
Orland 17,680,474,181,248,22,11,462
Orland 18,"1,188",861,417,403,26,4,850
Orland 19,707,509,235,226,19,8,488
Orland 20,581,379,221,135,10,4,370
Orland 21,"1,177",884,457,367,30,10,864
Orland 22,918,641,284,313,21,6,624
Orland 23,782,566,263,264,26,3,556
Orland 24,938,652,335,280,20,7,642
Orland 25,"1,545","1,149",549,534,30,6,"1,119"
Orland 26,925,629,304,288,23,5,620
Orland 27,698,483,226,221,21,7,475
Orland 28,698,516,279,194,20,9,502
Orland 29,"1,446","1,054",550,452,24,10,"1,036"
Orland 30,676,461,228,205,14,3,450
Orland 31,779,545,269,226,23,12,530
Orland 32,658,438,230,182,12,8,432
Orland 33,744,538,283,231,13,6,533
Orland 34,"1,078",791,434,320,14,7,775
Orland 35,"1,046",755,365,332,20,13,730
Orland 36,"1,312",883,370,450,27,19,866
Orland 37,992,763,399,331,20,5,755
Orland 38,612,400,174,197,13,6,390
Orland 39,749,562,293,242,11,6,552
Orland 40,"1,201",796,424,332,26,6,788
Orland 41,908,672,334,302,19,5,660
Orland 42,"1,068",788,365,367,24,11,767
Orland 43,865,634,283,309,21,9,622
Orland 44,818,592,295,266,12,12,585
Orland 45,895,670,343,279,28,6,656
Orland 46,791,556,268,251,16,6,541
Orland 47,"1,315",999,551,398,22,11,982
Orland 48,947,690,338,302,24,10,674
Orland 49,732,521,250,228,18,10,506
Orland 50,910,597,267,287,25,8,587
Orland 51,"1,156",850,419,348,44,15,826
Orland 52,963,698,385,275,14,8,682
Orland 53,728,571,271,254,21,8,554
Orland 54,"1,274",958,520,381,24,8,933
Orland 55,742,565,263,278,11,6,558
Orland 56,830,607,371,201,15,8,595
Orland 57,953,691,378,273,24,5,680
Orland 58,967,733,350,339,29,4,722
Orland 59,"1,002",724,360,318,24,10,712
Orland 60,644,501,243,231,13,5,492
Orland 61,799,582,310,230,28,6,574
Orland 62,"1,056",764,348,350,28,14,740
Orland 63,"1,005",778,414,318,29,4,765
Orland 64,"1,300",931,535,340,29,9,913
Orland 65,877,622,356,229,19,4,608
Orland 66,847,645,317,283,24,5,629
Orland 67,652,455,219,208,10,7,444
Orland 68,771,536,288,218,16,7,529
Orland 69,682,434,133,260,24,6,423
Orland 70,"1,190",872,409,412,25,14,860
Orland 71,867,666,407,211,18,10,646
Orland 72,796,570,255,276,19,10,560
Orland 73,"1,288",914,420,428,34,13,895
Orland 74,666,455,209,211,16,10,446
Orland 75,"1,065",817,490,259,36,11,796
Palatine 1,742,545,196,291,30,5,522
Palatine 2,"1,157",905,326,490,50,15,881
Palatine 3,817,617,331,228,20,6,585
Palatine 4,810,559,142,366,23,11,542
Palatine 5,"1,286",961,378,505,43,18,944
Palatine 6,"1,044",806,281,442,51,9,783
Palatine 7,991,764,279,399,51,16,745
Palatine 8,"1,041",790,266,431,53,19,769
Palatine 9,898,695,289,336,31,11,667
Palatine 10,"1,128",876,403,367,52,11,833
Palatine 11,889,649,218,363,34,13,628
Palatine 12,893,677,335,288,25,1,649
Palatine 13,"1,026",684,266,353,34,14,667
Palatine 14,892,680,264,349,32,10,655
Palatine 15,"1,067",802,302,428,42,12,784
Palatine 16,"1,069",651,167,427,32,10,636
Palatine 17,919,697,250,364,38,17,669
Palatine 18,680,516,189,279,29,7,504
Palatine 19,969,755,319,366,38,10,733
Palatine 20,951,651,167,414,33,19,633
Palatine 21,"1,220",907,365,465,43,15,888
Palatine 22,930,717,259,380,48,6,693
Palatine 23,642,520,267,204,21,4,496
Palatine 24,"1,210",868,366,441,31,7,845
Palatine 25,741,575,217,282,38,14,551
Palatine 26,"1,183",919,320,507,51,14,892
Palatine 27,808,574,177,355,22,5,559
Palatine 28,682,520,192,273,23,4,492
Palatine 29,"1,303",926,375,492,26,11,904
Palatine 30,743,565,203,313,26,6,548
Palatine 31,634,519,204,251,31,11,497
Palatine 32,894,715,295,362,31,10,698
Palatine 33,706,478,161,268,28,10,467
Palatine 34,"1,209",926,376,451,54,9,890
Palatine 35,822,649,225,359,32,9,625
Palatine 36,907,668,263,346,31,6,646
Palatine 37,"1,136",810,296,462,26,18,802
Palatine 38,849,684,310,319,32,5,666
Palatine 39,"1,369","1,049",414,546,48,18,"1,026"
Palatine 40,"1,379","1,077",421,552,59,17,"1,049"
Palatine 41,"1,255",987,369,531,41,9,950
Palatine 42,"1,124",868,347,464,31,8,850
Palatine 43,786,622,257,314,31,8,610
Palatine 44,"1,208",925,506,343,36,6,891
Palatine 45,761,594,239,282,28,13,562
Palatine 46,"1,093",848,319,445,36,12,812
Palatine 47,"1,010",774,309,400,30,13,752
Palatine 48,735,612,246,319,24,2,591
Palatine 49,687,530,243,232,28,7,510
Palatine 50,"1,360","1,070",424,532,61,21,"1,038"
Palatine 51,612,437,168,237,17,7,429
Palatine 52,943,724,326,341,27,9,703
Palatine 53,757,584,230,293,34,12,569
Palatine 54,"1,127",887,325,488,41,10,864
Palatine 55,688,534,217,271,23,3,514
Palatine 56,"1,071",825,314,444,44,14,816
Palatine 57,"1,284",975,344,527,58,21,950
Palatine 58,951,713,255,402,29,11,697
Palatine 59,"1,358","1,016",363,571,38,8,980
Palatine 60,"1,077",720,174,478,32,20,704
Palatine 61,693,497,154,300,18,14,486
Palatine 62,819,574,152,374,18,13,557
Palatine 63,979,739,267,405,37,15,724
Palatine 64,"1,003",713,237,401,32,19,689
Palatine 65,793,612,227,331,34,5,597
Palatine 66,"1,389",906,242,599,31,16,888
Palatine 67,806,649,357,226,31,11,625
Palatine 68,834,651,267,332,26,10,635
Palatine 69,947,694,248,376,39,10,673
Palos 1,607,473,266,171,23,7,467
Palos 2,664,518,299,185,15,8,507
Palos 3,738,563,278,243,21,7,549
Palos 4,768,524,243,254,8,7,512
Palos 5,721,507,241,228,19,8,496
Palos 6,753,457,201,228,15,6,450
Palos 7,"1,113",741,335,353,24,18,730
Palos 8,465,308,167,118,14,5,304
Palos 9,727,516,286,184,16,5,491
Palos 10,"1,126",867,507,299,34,12,852
Palos 11,958,693,386,261,27,8,682
Palos 12,"1,019",646,271,332,13,20,636
Palos 13,957,706,403,262,14,10,689
Palos 14,567,413,209,187,10,4,410
Palos 15,868,684,373,264,26,10,673
Palos 16,"1,157",878,482,328,32,15,857
Palos 17,"1,291",874,391,430,17,18,856
Palos 18,"1,137",765,348,372,22,11,753
Palos 19,"1,170",815,365,374,34,19,792
Palos 20,"1,124",766,348,371,19,16,754
Palos 21,698,485,228,212,21,9,470
Palos 22,153,113,58,50,4,1,113
Palos 23,741,480,199,248,18,9,474
Palos 24,611,449,247,165,26,4,442
Palos 25,"1,001",543,78,407,10,24,519
Palos 26,688,447,223,199,9,10,441
Palos 27,"1,044",725,299,381,17,8,705
Palos 28,858,580,99,446,19,9,573
Palos 29,924,693,381,261,33,6,681
Palos 30,992,777,344,372,25,16,757
Palos 31,"1,072",794,393,354,19,11,777
Palos 32,588,370,176,171,8,11,366
Palos 33,937,766,409,307,23,7,746
Palos 34,657,489,235,223,14,7,479
Palos 35,"1,292",903,440,409,26,16,891
Palos 36,"1,139",812,389,359,31,14,793
Palos 37,"1,171",842,441,341,30,7,819
Palos 38,"1,041",678,354,301,11,7,673
Palos 39,"1,098",841,410,371,26,18,825
Proviso 1,878,567,52,473,16,8,549
Proviso 2,920,576,56,487,7,10,560
Proviso 3,"1,048",761,109,607,22,8,746
Proviso 4,"1,065",719,10,699,2,4,715
Proviso 5,950,679,14,650,3,3,670
Proviso 6,677,531,219,288,13,2,522
Proviso 7,285,172,51,112,2,4,169
Proviso 8,695,441,69,353,6,6,434
Proviso 9,759,557,23,519,3,3,548
Proviso 10,984,594,35,531,6,9,581
Proviso 11,920,612,131,455,10,5,601
Proviso 12,"1,169",799,230,538,14,5,787
Proviso 13,"1,189",737,166,525,22,3,716
Proviso 14,819,523,130,366,8,6,510
Proviso 15,964,610,81,499,14,6,600
Proviso 16,905,614,107,478,15,5,605
Proviso 17,615,428,18,396,4,6,424
Proviso 18,"1,166",838,33,772,12,5,822
Proviso 19,"1,048",730,17,703,2,3,725
Proviso 20,763,553,19,525,1,3,548
Proviso 21,674,529,158,342,14,6,520
Proviso 22,716,512,15,483,3,5,506
Proviso 23,461,340,113,185,13,2,313
Proviso 24,"1,242",998,278,615,60,15,968
Proviso 25,"1,027",807,265,457,41,19,782
Proviso 26,"1,072",806,224,503,49,15,791
Proviso 27,"1,002",756,222,465,30,19,736
Proviso 28,"1,056",754,293,410,19,13,735
Proviso 29,"1,164",910,235,573,55,21,884
Proviso 30,992,688,114,555,4,6,679
Proviso 31,574,400,6,380,0,8,394
Proviso 32,"1,066",833,267,489,39,15,810
Proviso 33,"1,028",724,17,679,7,5,708
Proviso 34,"1,373","1,030",47,959,10,5,"1,021"
Proviso 35,"1,157",867,409,415,21,6,851
Proviso 36,"1,056",717,18,673,5,6,702
Proviso 37,661,452,9,427,3,5,444
Proviso 38,828,620,40,560,7,1,608
Proviso 39,"1,161",795,96,658,18,9,781
Proviso 40,964,639,10,603,7,9,629
Proviso 41,745,574,10,551,1,1,563
Proviso 42,611,421,10,394,3,7,414
Proviso 43,714,459,11,428,3,7,449
Proviso 44,730,490,20,453,3,4,480
Proviso 45,931,657,7,641,1,3,652
Proviso 46,230,185,69,99,10,3,181
Proviso 47,630,404,16,380,3,1,400
Proviso 48,"1,114",778,51,692,9,10,762
Proviso 49,696,492,58,416,9,6,489
Proviso 50,"1,382",995,198,744,29,6,977
Proviso 51,993,756,211,484,30,11,736
Proviso 52,842,538,16,508,4,3,531
Proviso 53,"1,082",717,9,693,8,3,713
Proviso 54,"1,456","1,082",337,651,45,22,"1,055"
Proviso 55,828,664,169,426,38,4,637
Proviso 56,720,518,20,488,1,1,510
Proviso 57,805,601,168,381,25,11,585
Proviso 58,663,444,18,412,4,2,436
Proviso 59,701,548,107,417,13,6,543
Proviso 60,618,480,66,392,9,9,476
Proviso 61,933,755,76,622,25,16,739
Proviso 62,942,776,88,636,23,7,754
Proviso 63,"1,038",778,276,442,26,16,760
Proviso 64,896,648,19,591,4,10,624
Proviso 65,703,538,52,450,12,13,527
Proviso 66,"1,013",813,135,619,29,17,800
Proviso 67,"1,146",910,118,712,37,22,889
Proviso 68,551,426,91,296,26,4,417
Proviso 69,876,578,15,552,1,7,575
Proviso 70,693,566,216,312,19,6,553
Proviso 71,"1,483","1,121",234,827,30,12,"1,103"
Proviso 72,740,582,78,461,17,10,566
Proviso 73,793,617,107,473,13,13,606
Proviso 74,814,640,109,488,23,9,629
Proviso 75,970,742,200,462,46,16,724
Proviso 76,"1,072",783,110,621,22,13,766
Proviso 77,613,441,153,263,13,7,436
Proviso 78,541,317,76,223,2,7,308
Proviso 79,705,525,22,487,4,1,514
Proviso 80,867,514,63,428,5,6,502
Proviso 81,786,526,104,394,10,10,518
Proviso 82,"1,241",902,28,847,4,6,885
Proviso 83,"1,189",789,21,754,2,4,781
Proviso 84,728,542,272,248,11,3,534
Proviso 85,"1,071",797,260,490,23,13,786
Proviso 86,936,658,10,626,6,4,646
Proviso 87,"1,102",790,266,489,24,2,781
Proviso 88,626,399,37,350,5,6,398
Proviso 89,674,520,165,303,25,13,506
Proviso 90,"1,427","1,092",304,695,44,27,"1,070"
Proviso 91,791,570,97,448,9,7,561
Proviso 92,"1,206",897,279,540,32,22,873
Proviso 93,658,481,123,328,16,11,478
Proviso 94,733,539,16,510,5,2,533
Proviso 95,702,555,143,383,7,7,540
Proviso 96,599,461,127,291,22,4,444
Proviso 97,"1,197",967,357,543,32,12,944
Proviso 98,945,707,274,403,9,8,694
Proviso 99,896,667,28,623,6,2,659
Proviso 100,"1,273",904,398,454,21,5,878
Proviso 101,842,633,177,420,23,3,623
Proviso 102,"1,107",820,243,523,21,17,804
Rich 1,"2,678","2,146",63,"2,034",16,20,"2,133"
Rich 2,809,626,38,577,1,3,619
Rich 3,"1,205",907,127,743,9,10,889
Rich 4,827,596,37,535,9,5,586
Rich 5,"1,041",811,84,697,9,13,803
Rich 6,"1,147",898,58,811,7,12,888
Rich 7,803,618,153,434,13,9,609
Rich 8,"1,558","1,164",106,"1,019",9,13,"1,147"
Rich 9,"1,182",888,44,807,14,11,876
Rich 10,705,543,50,469,3,7,529
Rich 11,856,672,106,535,13,9,663
Rich 12,"1,088",822,102,683,15,11,811
Rich 13,618,458,45,400,3,4,452
Rich 14,871,612,108,472,16,4,600
Rich 15,"1,308",999,39,932,8,14,993
Rich 16,800,589,108,448,15,9,580
Rich 17,"1,021",655,133,496,10,9,648
Rich 18,"1,039",746,47,675,12,6,740
Rich 19,619,480,201,255,10,3,469
Rich 20,"1,395","1,111",534,528,31,4,"1,097"
Rich 21,"1,325",921,88,806,13,5,912
Rich 22,"1,136",730,86,594,20,9,709
Rich 23,"1,243",957,44,895,2,8,949
Rich 24,"1,064",751,80,643,11,8,742
Rich 25,"1,413","1,017",88,892,12,10,"1,002"
Rich 26,"1,129",833,94,709,8,10,821
Rich 27,"1,045",776,53,692,12,8,765
Rich 28,725,574,14,546,4,4,568
Rich 29,890,712,160,506,13,11,690
Rich 30,"1,289",958,33,898,2,10,943
Rich 31,758,587,126,413,23,7,569
Rich 32,"1,227",903,91,783,14,4,892
Rich 33,695,560,144,375,17,10,546
Rich 34,797,595,36,539,10,2,587
Rich 35,632,508,65,431,4,3,503
Rich 36,"1,701","1,377",83,"1,255",16,10,"1,364"
Rich 37,685,517,10,492,4,4,510
Rich 38,946,713,34,658,8,6,706
Rich 39,962,750,77,635,14,13,739
Rich 40,922,663,39,604,7,4,654
Rich 41,633,477,39,425,7,4,475
Rich 42,862,642,16,612,4,7,639
Rich 43,"1,027",817,24,770,4,6,804
Rich 44,772,544,12,523,2,3,540
Rich 45,"1,080",842,87,732,10,9,838
Rich 46,"1,441","1,027",18,987,3,10,"1,018"
Rich 47,"1,478","1,082",60,994,13,8,"1,075"
Rich 48,"1,014",742,19,706,3,5,733
Rich 49,"1,069",715,102,578,13,11,704
Rich 50,699,426,192,202,17,7,418
Rich 51,921,690,38,628,8,10,684
River Forest 1,"1,505","1,088",315,683,39,14,"1,051"
River Forest 2,880,718,197,445,43,7,692
River Forest 3,992,779,173,532,34,15,754
River Forest 4,"1,059",865,171,604,46,12,833
River Forest 5,669,560,107,381,37,12,537
River Forest 6,672,550,138,358,22,7,525
River Forest 7,990,767,161,544,27,12,744
River Forest 8,"1,235","1,003",167,735,52,13,967
Riverside 1,"1,015",781,250,457,38,9,754
Riverside 2,171,93,37,48,4,2,91
Riverside 3,592,462,137,286,23,6,452
Riverside 4,"1,218",974,285,595,56,14,950
Riverside 5,634,491,118,327,19,17,481
Riverside 6,882,629,252,324,23,18,617
Riverside 7,713,512,197,278,18,8,501
Riverside 8,"1,075",861,269,512,38,13,832
Riverside 9,758,607,180,368,30,11,589
Riverside 10,"1,080",852,309,464,36,19,828
Riverside 11,"1,183",946,282,538,77,29,926
Riverside 12,681,506,137,326,24,11,498
Riverside 13,"1,112",814,268,477,29,17,791
Schaumburg 1,"1,786","1,241",312,852,37,13,"1,214"
Schaumburg 2,"1,673","1,103",297,738,25,25,"1,085"
Schaumburg 3,"1,024",711,281,383,26,13,703
Schaumburg 4,639,449,97,314,14,10,435
Schaumburg 5,689,469,191,236,18,6,451
Schaumburg 6,896,640,227,365,26,11,629
Schaumburg 7,877,560,147,385,12,6,550
Schaumburg 8,828,589,185,361,15,16,577
Schaumburg 9,870,573,144,380,21,17,562
Schaumburg 10,770,469,159,274,16,15,464
Schaumburg 11,873,644,267,334,22,10,633
Schaumburg 12,"1,036",737,221,476,23,9,729
Schaumburg 13,714,534,225,278,19,5,527
Schaumburg 14,"1,001",758,308,379,32,19,738
Schaumburg 15,959,686,271,356,24,17,668
Schaumburg 16,"1,325",919,297,552,35,13,897
Schaumburg 17,971,748,290,395,39,7,731
Schaumburg 18,897,613,172,389,25,15,601
Schaumburg 19,810,531,161,328,19,13,521
Schaumburg 20,713,534,195,300,21,6,522
Schaumburg 21,"1,245",925,381,473,36,18,908
Schaumburg 22,"1,236",828,199,571,33,8,811
Schaumburg 23,"1,146",774,275,449,26,12,762
Schaumburg 24,"1,102",824,322,429,38,16,805
Schaumburg 25,998,764,248,462,22,14,746
Schaumburg 26,"1,127",814,251,509,21,12,793
Schaumburg 27,856,583,202,346,12,6,566
Schaumburg 28,"1,127",833,266,492,45,6,809
Schaumburg 29,"1,083",800,287,449,37,6,779
Schaumburg 30,837,627,224,341,34,8,607
Schaumburg 31,"1,292",944,325,550,40,10,925
Schaumburg 32,"1,218",871,315,498,36,11,860
Schaumburg 33,740,571,221,310,15,9,555
Schaumburg 34,"1,229",867,196,614,29,18,857
Schaumburg 35,683,510,152,315,26,10,503
Schaumburg 36,742,501,184,276,22,12,494
Schaumburg 37,622,476,173,269,19,8,469
Schaumburg 38,895,616,208,364,24,11,607
Schaumburg 39,"1,276",982,356,548,45,12,961
Schaumburg 40,857,659,264,349,32,3,648
Schaumburg 41,924,665,268,360,18,10,656
Schaumburg 42,"1,174",808,243,490,40,15,788
Schaumburg 43,923,616,121,453,14,20,608
Schaumburg 44,"1,266",867,157,637,40,14,848
Schaumburg 45,"1,053",746,242,451,29,11,733
Schaumburg 46,731,535,176,316,19,11,522
Schaumburg 47,885,655,263,336,36,15,650
Schaumburg 48,849,606,208,356,19,5,588
Schaumburg 49,722,518,143,325,29,9,506
Schaumburg 50,750,538,228,269,19,7,523
Schaumburg 51,854,560,123,405,12,6,546
Schaumburg 52,"1,225",949,399,458,45,15,917
Schaumburg 53,903,670,254,368,22,9,653
Schaumburg 54,"1,189",868,330,493,27,6,856
Schaumburg 55,840,637,267,326,26,7,626
Schaumburg 56,"1,036",749,303,394,31,9,737
Schaumburg 57,"1,240",920,386,475,35,11,907
Schaumburg 58,677,458,168,264,13,4,449
Schaumburg 59,"1,156",885,397,406,44,7,854
Schaumburg 60,774,524,136,348,24,6,514
Schaumburg 61,"1,402","1,007",354,572,44,20,990
Schaumburg 62,"1,179",788,220,520,25,12,777
Schaumburg 63,805,590,235,303,36,8,582
Schaumburg 64,919,635,238,352,23,14,627
Schaumburg 65,742,562,186,329,31,4,550
Schaumburg 66,841,638,248,338,20,9,615
Schaumburg 67,991,683,266,367,28,8,669
Schaumburg 68,791,577,211,333,17,6,567
Schaumburg 69,792,557,221,281,35,7,544
Schaumburg 70,774,568,285,243,20,7,555
Schaumburg 71,902,676,210,418,25,12,665
Schaumburg 72,920,690,237,405,27,8,677
Schaumburg 73,"1,194",861,337,472,30,9,848
Schaumburg 74,741,553,213,292,31,7,543
Schaumburg 75,754,580,257,279,21,10,567
Schaumburg 76,877,652,264,337,33,6,640
Schaumburg 77,"1,256",926,302,552,35,18,907
Schaumburg 78,935,639,176,424,15,13,628
Stickney 1,455,340,143,168,13,10,334
Stickney 2,716,515,133,361,5,11,510
Stickney 3,"1,504",978,346,573,21,23,963
Stickney 4,"1,302",790,338,416,13,11,778
Stickney 5,"1,435",873,348,472,25,15,860
Stickney 6,"1,533","1,017",424,540,23,20,"1,007"
Stickney 7,679,421,123,271,14,4,412
Stickney 8,"1,021",655,272,339,18,10,639
Stickney 9,"1,021",644,253,350,21,10,634
Stickney 10,"1,330",873,299,525,16,14,854
Stickney 11,"1,059",728,288,396,20,11,715
Stickney 12,"1,256",737,298,402,16,5,721
Stickney 13,941,562,203,320,17,10,550
Stickney 14,"1,335",863,356,451,24,15,846
Stickney 15,"1,212",782,282,455,18,13,768
Stickney 16,"1,127",762,227,487,22,18,754
Stickney 17,729,512,178,289,22,11,500
Stickney 18,700,406,149,238,9,6,402
Stickney 19,875,618,206,381,8,11,606
Stickney 20,874,548,167,356,13,6,542
Thornton 1,461,333,12,315,0,4,331
Thornton 2,536,321,22,282,5,5,314
Thornton 3,960,644,61,562,9,6,638
Thornton 4,"1,173",793,28,738,10,7,783
Thornton 5,"1,014",566,48,498,2,4,552
Thornton 6,994,759,29,710,6,5,750
Thornton 7,660,541,12,514,3,4,533
Thornton 8,"1,085",740,24,686,3,0,713
Thornton 9,471,355,8,325,1,3,337
Thornton 10,"1,032",621,66,535,8,6,615
Thornton 11,714,394,28,351,2,6,387
Thornton 12,820,495,49,424,7,8,488
Thornton 13,836,572,154,383,21,7,565
Thornton 14,949,630,134,474,14,5,627
Thornton 15,941,574,23,533,4,4,564
Thornton 16,904,629,200,392,18,12,622
Thornton 17,"1,075",741,143,560,14,12,729
Thornton 18,"1,419",959,353,554,32,14,953
Thornton 19,"1,105",814,181,608,13,6,808
Thornton 20,687,466,198,233,17,7,455
Thornton 21,"1,088",828,111,695,5,9,820
Thornton 22,888,613,12,588,3,4,607
Thornton 23,741,558,66,463,15,5,549
Thornton 24,960,721,181,471,30,23,705
Thornton 25,823,614,162,400,23,11,596
Thornton 26,900,635,121,474,18,8,621
Thornton 27,"1,005",783,67,700,2,6,775
Thornton 28,847,529,44,466,5,8,523
Thornton 29,567,375,5,356,6,5,372
Thornton 30,690,415,10,399,0,2,411
Thornton 31,439,240,26,207,4,2,239
Thornton 32,879,550,12,523,6,1,542
Thornton 33,916,607,18,569,7,7,601
Thornton 34,"1,312",905,28,843,14,11,896
Thornton 35,"1,197",817,56,733,6,10,805
Thornton 36,660,392,5,378,2,2,387
Thornton 37,"1,125",794,225,539,16,6,786
Thornton 38,"1,326",884,65,775,4,9,853
Thornton 39,701,456,6,438,5,3,452
Thornton 40,653,466,8,445,2,5,460
Thornton 41,607,413,40,361,5,1,407
Thornton 42,653,414,9,393,4,3,409
Thornton 43,719,531,221,281,15,6,523
Thornton 44,782,455,8,429,4,3,444
Thornton 45,753,514,6,493,3,4,506
Thornton 46,"1,078",700,25,659,3,6,693
Thornton 47,766,493,137,335,13,2,487
Thornton 48,814,555,15,526,4,2,547
Thornton 49,595,370,6,355,3,4,368
Thornton 50,685,514,78,413,12,1,504
Thornton 51,739,516,192,285,21,5,503
Thornton 52,940,654,18,621,4,5,648
Thornton 53,644,420,12,399,3,1,415
Thornton 54,"1,148",886,72,782,12,7,873
Thornton 55,668,419,27,381,4,3,415
Thornton 56,954,660,102,530,6,9,647
Thornton 57,636,470,202,237,21,9,469
Thornton 58,"1,083",719,92,600,7,5,704
Thornton 59,770,502,33,456,5,4,498
Thornton 60,647,405,18,372,1,6,397
Thornton 61,620,426,37,382,2,2,423
Thornton 62,403,241,80,147,9,3,239
Thornton 63,590,374,62,299,4,2,367
Thornton 64,629,499,14,473,3,3,493
Thornton 65,"1,191",822,283,479,29,13,804
Thornton 66,"1,130",875,86,760,4,12,862
Thornton 67,993,780,222,495,38,14,769
Thornton 68,"1,000",691,207,447,14,10,678
Thornton 69,736,478,3,465,2,2,472
Thornton 70,534,353,13,326,2,4,345
Thornton 71,617,374,9,357,1,3,370
Thornton 72,845,605,8,582,1,5,596
Thornton 73,"1,224",910,85,789,9,9,892
Thornton 74,920,703,11,674,4,6,695
Thornton 75,861,598,18,562,5,4,589
Thornton 76,909,677,64,595,4,7,670
Thornton 77,"1,478",971,17,922,5,3,947
Thornton 78,955,662,18,630,5,3,656
Thornton 79,"1,305",854,105,711,14,12,842
Thornton 80,688,531,57,454,5,6,522
Thornton 81,760,565,32,525,4,2,563
Thornton 82,877,621,290,285,21,14,610
Thornton 83,"1,193",829,27,776,10,4,817
Thornton 84,"1,153",795,23,753,5,5,786
Thornton 85,803,505,21,475,1,3,500
Thornton 86,672,469,23,431,9,4,467
Thornton 87,"1,165",840,15,811,3,3,832
Thornton 88,810,581,21,542,4,5,572
Thornton 89,"1,198",841,47,766,8,8,829
Thornton 90,802,609,51,531,8,9,599
Thornton 91,751,584,65,504,4,3,576
Thornton 92,"1,020",716,81,609,7,5,702
Thornton 93,654,423,14,397,3,6,420
Thornton 94,996,686,49,620,5,4,678
Thornton 95,793,518,8,494,1,7,510
Thornton 96,877,533,17,506,2,2,527
Thornton 97,637,365,74,278,4,3,359
Thornton 98,422,270,5,260,1,0,266
Thornton 99,846,544,33,496,3,5,537
Thornton 100,657,426,16,391,3,5,415
Thornton 101,898,571,14,542,3,3,562
Thornton 102,786,419,19,383,1,3,406
Thornton 103,694,389,11,370,4,0,385
Thornton 104,568,300,11,287,1,0,299
Thornton 105,783,558,12,536,0,5,553
Thornton 106,766,474,15,445,4,1,465
Thornton 107,970,789,39,737,3,7,786
Thornton 108,724,406,12,386,3,4,405
Thornton 109,977,545,15,519,3,3,540
Thornton 110,695,448,13,423,2,4,442
Thornton 111,852,473,10,450,4,3,467
Thornton 112,746,386,35,343,3,4,385
Thornton 113,633,362,7,342,0,0,349
Thornton 114,816,623,147,450,18,2,617
Thornton 115,836,588,16,557,3,3,579
Thornton 116,"1,207",739,60,644,5,9,718
Thornton 117,978,707,201,472,15,6,694
Thornton 118,749,598,103,445,30,11,589
Thornton 119,"1,145",699,21,665,3,3,692
Thornton 120,"1,269",929,56,844,6,8,914
Thornton 121,709,503,30,464,1,2,497
Thornton 122,"1,118",837,114,680,11,14,819
Thornton 123,600,438,35,389,7,2,433
Wheeling 1,"1,034",737,280,419,20,7,726
Wheeling 2,698,534,208,277,20,5,510
Wheeling 3,988,729,233,413,51,7,704
Wheeling 4,737,562,172,358,14,5,549
Wheeling 5,857,659,202,389,34,16,641
Wheeling 6,631,467,163,259,23,5,450
Wheeling 7,"1,171",956,278,589,51,14,932
Wheeling 8,644,493,168,265,37,4,474
Wheeling 9,995,645,193,407,22,11,633
Wheeling 10,"1,100",860,321,452,60,10,843
Wheeling 11,"1,436","1,002",380,560,32,13,985
Wheeling 12,"1,416","1,076",477,516,47,10,"1,050"
Wheeling 13,900,679,305,320,29,8,662
Wheeling 14,741,575,202,314,34,12,562
Wheeling 15,787,635,210,363,23,15,611
Wheeling 16,451,307,86,197,15,5,303
Wheeling 17,"1,034",730,242,458,14,8,722
Wheeling 18,852,654,252,345,33,5,635
Wheeling 19,"1,128",922,293,521,58,15,887
Wheeling 20,"1,004",797,262,425,63,10,760
Wheeling 21,663,508,227,235,17,7,486
Wheeling 22,"1,013",781,234,482,24,12,752
Wheeling 23,809,662,273,317,40,2,632
Wheeling 24,771,615,261,292,24,5,582
Wheeling 25,"1,076",837,253,522,24,13,812
Wheeling 26,"1,264","1,014",339,573,58,11,981
Wheeling 27,"1,457","1,123",428,628,32,10,"1,098"
Wheeling 28,"1,291",992,417,503,32,14,966
Wheeling 29,601,440,154,242,22,10,428
Wheeling 30,"1,290","1,015",425,493,54,7,979
Wheeling 31,709,519,182,291,18,13,504
Wheeling 32,633,501,220,234,22,9,485
Wheeling 33,800,491,157,306,8,11,482
Wheeling 34,"1,184",939,340,520,51,9,920
Wheeling 35,900,727,246,413,39,4,702
Wheeling 36,"1,283","1,046",348,574,59,18,999
Wheeling 37,"1,296",876,221,600,24,14,859
Wheeling 38,"1,211",853,303,474,38,13,828
Wheeling 39,"1,030",781,271,456,31,12,770
Wheeling 40,986,735,273,378,50,8,709
Wheeling 41,"1,496","1,144",432,580,68,14,"1,094"
Wheeling 42,"1,351",986,417,509,33,7,966
Wheeling 43,980,713,255,414,27,8,704
Wheeling 44,"1,150",893,408,421,37,3,869
Wheeling 45,676,549,175,324,29,11,539
Wheeling 46,"1,490","1,196",477,600,57,25,"1,159"
Wheeling 47,"1,009",677,252,388,20,9,669
Wheeling 48,865,647,239,361,26,5,631
Wheeling 49,"1,302",874,238,570,34,19,861
Wheeling 50,846,587,170,378,20,7,575
Wheeling 51,"1,180",896,385,451,36,6,878
Wheeling 52,784,593,202,356,16,9,583
Wheeling 53,"1,032",809,336,403,42,9,790
Wheeling 54,"1,132",830,425,353,25,11,814
Wheeling 55,911,707,235,434,24,4,697
Wheeling 56,869,666,252,370,27,5,654
Wheeling 57,"1,004",789,283,426,44,6,759
Wheeling 58,833,619,253,324,16,8,601
Wheeling 59,"1,156",818,301,443,43,11,798
Wheeling 60,681,525,153,340,12,10,515
Wheeling 61,"1,167",864,417,373,39,10,839
Wheeling 62,"1,131",876,331,476,35,13,855
Wheeling 63,914,595,208,355,14,9,586
Wheeling 64,"1,338","1,016",330,606,37,17,990
Wheeling 65,"1,227",937,384,481,38,13,916
Wheeling 66,"1,191",905,334,513,35,7,889
Wheeling 67,485,419,99,293,15,3,410
Wheeling 68,564,439,183,214,21,7,425
Wheeling 69,862,669,224,379,30,13,646
Wheeling 70,"1,255",965,323,576,36,12,947
Wheeling 71,"1,460","1,139",436,613,52,9,"1,110"
Wheeling 72,959,728,260,395,41,7,703
Wheeling 73,921,724,241,427,33,8,709
Wheeling 74,830,561,166,341,31,15,553
Wheeling 75,"1,010",761,304,393,31,9,737
Wheeling 76,"1,452",965,290,606,32,22,950
Wheeling 77,526,332,93,225,7,5,330
Wheeling 78,"1,351","1,079",381,605,51,8,"1,045"
Wheeling 79,888,669,243,388,16,14,661
Wheeling 80,"1,066",696,230,419,18,15,682
Wheeling 81,698,576,173,356,30,6,565
Wheeling 82,"1,228",943,314,540,47,6,907
Wheeling 83,"1,310","1,057",426,561,33,9,"1,029"
Wheeling 84,"1,403","1,001",316,619,31,14,980
Wheeling 85,781,596,230,332,10,8,580
Wheeling 86,"1,045",797,334,397,37,8,776
Wheeling 87,907,705,246,391,35,11,683
Wheeling 88,"1,100",768,220,489,23,12,744
Wheeling 89,630,485,171,282,11,12,476
Wheeling 90,901,705,281,382,24,4,691
Wheeling 91,"1,093",853,271,511,42,7,831
Wheeling 92,"1,427","1,155",429,633,54,13,"1,129"
Worth 1,587,380,148,217,9,4,378
Worth 2,"1,189",777,340,383,31,12,766
Worth 3,904,694,306,357,18,7,688
Worth 4,"1,658","1,033",279,684,29,18,"1,010"
Worth 5,"1,031",757,338,369,25,13,745
Worth 6,"1,282",792,392,344,25,20,781
Worth 7,893,703,374,279,24,7,684
Worth 8,"1,117",756,215,498,15,16,744
Worth 9,"1,196",792,325,411,26,13,775
Worth 10,"1,055",787,243,503,22,12,780
Worth 11,971,705,285,384,18,12,699
Worth 12,655,457,183,252,10,6,451
Worth 13,"1,013",761,271,432,23,10,736
Worth 14,971,633,142,451,15,13,621
Worth 15,"1,384",945,316,568,30,17,931
Worth 16,"1,338",917,449,412,28,13,902
Worth 17,"1,188",748,141,564,20,16,741
Worth 18,697,547,318,186,30,3,537
Worth 19,990,687,191,439,28,19,677
Worth 20,774,477,117,336,7,9,469
Worth 21,"1,580","1,006",371,565,31,25,992
Worth 22,769,530,227,273,12,11,523
Worth 23,"1,179",772,393,326,23,11,753
Worth 24,765,408,69,313,10,7,399
Worth 25,"1,157",813,337,418,31,16,802
Worth 26,916,549,216,301,11,10,538
Worth 27,814,570,253,270,21,11,555
Worth 28,708,462,144,289,11,9,453
Worth 29,780,543,109,411,10,6,536
Worth 30,"1,124",756,322,386,22,10,740
Worth 31,"1,169",842,248,545,19,12,824
Worth 32,621,453,178,233,18,5,434
Worth 33,"1,023",689,280,363,23,12,678
Worth 34,967,648,169,453,15,6,643
Worth 35,"1,093",798,371,385,15,11,782
Worth 36,"1,029",718,234,418,21,18,691
Worth 37,703,519,94,388,11,14,507
Worth 38,910,666,166,458,23,9,656
Worth 39,893,660,253,363,28,7,651
Worth 40,"1,107",753,235,474,15,14,738
Worth 41,504,359,141,196,11,7,355
Worth 42,918,616,239,334,27,8,608
Worth 43,773,458,14,429,3,3,449
Worth 44,728,489,219,239,8,11,477
Worth 45,736,556,218,287,30,9,544
Worth 46,"1,124",843,347,431,41,14,833
Worth 47,613,392,179,196,9,5,389
Worth 48,695,497,205,258,13,11,487
Worth 49,609,435,176,237,10,4,427
Worth 50,"1,048",765,381,342,16,9,748
Worth 51,794,524,274,225,9,9,517
Worth 52,610,444,203,206,21,6,436
Worth 53,"1,070",724,306,372,17,12,707
Worth 54,947,732,223,450,19,16,708
Worth 55,584,419,152,249,7,8,416
Worth 56,944,718,351,313,28,7,699
Worth 57,978,719,273,395,28,8,704
Worth 58,"1,055",768,318,398,29,12,757
Worth 59,"1,082",838,118,684,6,15,823
Worth 60,583,425,189,194,19,11,413
Worth 61,894,612,305,265,18,11,599
Worth 62,537,405,179,186,21,6,392
Worth 63,975,698,211,443,19,9,682
Worth 64,"1,254",975,550,359,30,17,956
Worth 65,"1,328","1,014",557,381,40,14,992
Worth 66,795,515,250,230,15,6,501
Worth 67,685,459,236,188,21,3,448
Worth 68,690,513,94,395,12,8,509
Worth 69,"1,120",768,198,517,28,7,750
Worth 70,"1,190",825,359,406,25,11,801
Worth 71,838,556,257,259,23,8,547
Worth 72,"1,034",758,244,460,30,8,742
Worth 73,672,426,139,259,18,6,422
Worth 74,568,366,168,172,10,3,353
Worth 75,"1,171",828,332,427,32,22,813
Worth 76,540,352,121,205,8,12,346
Worth 77,924,714,266,406,20,10,702
Worth 78,"1,323",832,355,424,25,14,818
Worth 79,631,477,272,181,9,5,467
Worth 80,"1,084",757,155,557,16,16,744
Worth 81,771,499,276,198,12,4,490
Worth 82,987,672,321,303,24,16,664
Worth 83,526,341,91,238,5,4,338
Worth 84,965,699,299,346,33,7,685
Worth 85,917,675,279,348,16,16,659
Worth 86,"1,061",699,318,343,19,7,687
Worth 87,858,582,248,299,19,5,571
Worth 88,655,417,144,245,7,7,403
Worth 89,"1,091",881,474,348,30,10,862
Worth 90,"1,276",745,259,453,13,10,735
Worth 91,522,395,149,217,13,5,384
Worth 92,"1,004",737,308,378,28,11,725
Worth 93,543,403,154,206,19,9,388
Worth 94,"1,184",797,327,418,17,19,781
Worth 95,971,708,391,256,28,16,691
Worth 96,"1,130",817,204,568,18,11,801
Worth 97,752,538,95,415,8,4,522
Worth 98,"1,130",797,337,390,34,17,778
Worth 99,693,446,208,212,10,7,437
Worth 100,993,727,294,385,27,12,718
Suburban Cook County,"1,512,190","1,089,840","317,970","699,003","34,234","14,845","1,066,052"